{"train_loss": 0.837195645244173, "train_acc": 0.7667785234899329, "test_loss": 0.740798800480457, "test_acc": 0.6938775510204082, "_timestamp": 1673593297.3506525, "_runtime": 68.36414241790771, "_step": 0}