{"train_loss": 0.7016533017783557, "train_acc": 0.7751677852348994, "test_loss": 1.0398900174364751, "test_acc": 0.6224489795918368, "_timestamp": 1673620997.9307046, "_runtime": 2739.6899964809418, "_step": 5}