{"train_loss": 0.08271577093584728, "train_acc": 0.9664429530201343, "test_loss": 0.9060656580294729, "test_acc": 0.6326530612244898, "_timestamp": 1673614719.7879176, "_runtime": 2853.4002645015717, "_step": 40}