{"train_loss": 0.6971522166624965, "train_acc": 0.7751677852348994, "test_loss": 1.006348386711004, "test_acc": 0.6224489795918368, "_timestamp": 1673621956.707875, "_runtime": 3755.4829790592194, "_step": 8}