{"train_loss": 0.31889430693350096, "train_acc": 0.8523489932885906, "test_loss": 0.8086384311698529, "test_acc": 0.6428571428571429, "_timestamp": 1673622367.0856795, "_runtime": 972.2133185863495, "_step": 3, "_wandb": {"runtime": 2113}}