{"train_loss": 0.837195645244173, "train_acc": 0.7667785234899329, "test_loss": 0.740798800480457, "test_acc": 0.6938775510204082, "_timestamp": 1673595511.4751701, "_runtime": 68.60215616226196, "_step": 0}