{"train_loss": 0.09812058875082057, "train_acc": 0.9681208053691275, "test_loss": 1.8092746060619715, "test_acc": 0.6224489795918368, "_timestamp": 1673630492.4197311, "_runtime": 6593.243087053299, "_step": 29, "_wandb": {"runtime": 7766}}