{"train_loss": 0.837195645244173, "train_acc": 0.7667785234899329, "test_loss": 0.740798800480457, "test_acc": 0.6938775510204082, "_timestamp": 1673592959.5628283, "_runtime": 70.05931329727173, "_step": 0}